"sku","display_name","short_description","categories","length","stainlesssteel","diameter","outsidediam","minod","maxod","weight","price","tier_price:_all_","type","visibility","configurable_attributes","bundle_options","bundle_skus","url_key"
"304b0005xrnd-3ft","304B0005XRND","304 Stainless Steel 0.005 OD Wire - 3 Foot Length","Wire Bar","3 FT","304","0.005","0.005","0.0048","0.0052","0.01","14","8:11;34:8.75","simple","1","","","",""
"304b0005xrnd-6ft","304B0005XRND","304 Stainless Steel 0.005 OD Wire - 6 Foot Length","Wire Bar","6 FT","304","0.005","0.005","0.0048","0.0052","0.006595348","24","4:19;17:15.5","simple","1","","","",""
"304b0006xrnd-3ft","304B0006XRND","304 Stainless Steel 0.006 OD Wire - 3 Foot Length","Wire Bar","3 FT","304","0.006","0.006","0.0058","0.0062","0.01","14","8:11;34:8.75","simple","1","","","",""
"304b0006xrnd-6ft","304B0006XRND","304 Stainless Steel 0.006 OD Wire - 6 Foot Length","Wire Bar","6 FT","304","0.006","0.006","0.0058","0.0062","0.009497301","24","4:19;17:15.5","simple","1","","","",""
"304b0007xrnd-3ft","304B0007XRND","304 Stainless Steel 0.007 OD Wire - 3 Foot Length","Wire Bar","3 FT","304","0.007","0.007","0.0068","0.0072","0.01","14","8:11;34:8.75","simple","1","","","",""
"304b0007xrnd-6ft","304B0007XRND","304 Stainless Steel 0.007 OD Wire - 6 Foot Length","Wire Bar","6 FT","304","0.007","0.007","0.0068","0.0072","0.012926881","24","4:19;17:15.5","simple","1","","","",""
"304b0008xrnd-3ft","304B0008XRND","304 Stainless Steel 0.008 OD Wire - 3 Foot Length","Wire Bar","3 FT","304","0.008","0.008","0.0078","0.0082","0.01688409","14","8:11;34:8.75","simple","1","","","",""
"304b0008xrnd-6ft","304B0008XRND","304 Stainless Steel 0.008 OD Wire - 6 Foot Length","Wire Bar","6 FT","304","0.008","0.008","0.0078","0.0082","0.01688409","24","4:19;17:15.5","simple","1","","","",""
"304b0009xrnd-3ft","304B0009XRND","304 Stainless Steel 0.009 OD Wire - 3 Foot Length","Wire Bar","3 FT","304","0.009","0.009","0.0088","0.0092","0.021368927","14","8:11;34:8.75","simple","1","","","",""
"304b0009xrnd-6ft","304B0009XRND","304 Stainless Steel 0.009 OD Wire - 6 Foot Length","Wire Bar","6 FT","304","0.009","0.009","0.0088","0.0092","0.021368927","24","4:19;17:15.5","simple","1","","","",""
"304b0010xrnd-3ft","304B0010XRND","304 Stainless Steel 0.01 OD Wire - 3 Foot Length","Wire Bar","3 FT","304","0.01","0.01","0.0098","0.0102","0.026381391","14","8:11;34:8.75","simple","1","","","",""
"304b0010xrnd-6ft","304B0010XRND","304 Stainless Steel 0.01 OD Wire - 6 Foot Length","Wire Bar","6 FT","304","0.01","0.01","0.0098","0.0102","0.026381391","24","4:19;17:15.5","simple","1","","","",""
"304b0011xrnd-3ft","304B0011XRND","304 Stainless Steel 0.011 OD Wire - 3 Foot Length","Wire Bar","3 FT","304","0.011","0.011","0.0108","0.0112","0.031921483","14","8:11;34:8.75","simple","1","","","",""
"304b0011xrnd-6ft","304B0011XRND","304 Stainless Steel 0.011 OD Wire - 6 Foot Length","Wire Bar","6 FT","304","0.011","0.011","0.0108","0.0112","0.031921483","24","4:19;17:15.5","simple","1","","","",""
"304b0012xrnd-3ft","304B0012XRND","304 Stainless Steel 0.012 OD Wire - 3 Foot Length","Wire Bar","3 FT","304","0.012","0.012","0.0118","0.0122","0.04","14","8:11;34:8.75","simple","1","","","",""
"304b0012xrnd-6ft","304B0012XRND","304 Stainless Steel 0.012 OD Wire - 6 Foot Length","Wire Bar","6 FT","304","0.012","0.012","0.0118","0.0122","0.037989203","24","4:19;17:15.5","simple","1","","","",""
"304b0013xrnd-3ft","304B0013XRND","304 Stainless Steel 0.013 OD Wire - 3 Foot Length","Wire Bar","3 FT","304","0.013","0.013","0.0128","0.0132","0.04458455","14","8:11;34:8.75","simple","1","","","",""
"304b0013xrnd-6ft","304B0013XRND","304 Stainless Steel 0.013 OD Wire - 6 Foot Length","Wire Bar","6 FT","304","0.013","0.013","0.0128","0.0132","0.04458455","24","4:19;17:15.5","simple","1","","","",""
"304b0014xrnd-3ft","304B0014XRND","304 Stainless Steel 0.014 OD Wire - 3 Foot Length","Wire Bar","3 FT","304","0.014","0.014","0.0138","0.0142","0.051707526","14","8:11;34:8.75","simple","1","","","",""
"304b0014xrnd-6ft","304B0014XRND","304 Stainless Steel 0.014 OD Wire - 6 Foot Length","Wire Bar","6 FT","304","0.014","0.014","0.0138","0.0142","0.051707526","24","4:19;17:15.5","simple","1","","","",""
"304b0015xrnd-3ft","304B0015XRND","304 Stainless Steel 0.015 OD Wire - 3 Foot Length","Wire Bar","3 FT","304","0.015","0.015","0.0148","0.0152","0.059358129","14","8:11;34:8.75","simple","1","","","",""
"304b0015xrnd-6ft","304B0015XRND","304 Stainless Steel 0.015 OD Wire - 6 Foot Length","Wire Bar","6 FT","304","0.015","0.015","0.0148","0.0152","0.059358129","24","4:19;17:15.5","simple","1","","","",""
"304b0016xrnd-3ft","304B0016XRND","304 Stainless Steel 0.016 OD Wire - 3 Foot Length","Wire Bar","3 FT","304","0.016","0.016","0.0158","0.0162","0.06753636","14","8:11;34:8.75","simple","1","","","",""
"304b0016xrnd-6ft","304B0016XRND","304 Stainless Steel 0.016 OD Wire - 6 Foot Length","Wire Bar","6 FT","304","0.016","0.016","0.0158","0.0162","0.06753636","24","4:19;17:15.5","simple","1","","","",""
"304b0017xrnd-3ft","304B0017XRND","304 Stainless Steel 0.017 OD Wire - 3 Foot Length","Wire Bar","3 FT","304","0.017","0.017","0.0168","0.0172","0.076242219","14","8:11;34:8.75","simple","1","","","",""
"304b0017xrnd-6ft","304B0017XRND","304 Stainless Steel 0.017 OD Wire - 6 Foot Length","Wire Bar","6 FT","304","0.017","0.017","0.0168","0.0172","0.076242219","24","4:19;17:15.5","simple","1","","","",""
"304b0018xrnd-3ft","304B0018XRND","304 Stainless Steel 0.018 OD Wire - 3 Foot Length","Wire Bar","3 FT","304","0.018","0.018","0.0178","0.0182","0.085475706","14","8:11;34:8.75","simple","1","","","",""
"304b0018xrnd-6ft","304B0018XRND","304 Stainless Steel 0.018 OD Wire - 6 Foot Length","Wire Bar","6 FT","304","0.018","0.018","0.0178","0.0182","0.085475706","24","4:19;17:15.5","simple","1","","","",""
"304b0019xrnd-3ft","304B0019XRND","304 Stainless Steel 0.019 OD Wire - 3 Foot Length","Wire Bar","3 FT","304","0.019","0.019","0.0188","0.0192","0.095236821","14","8:11;34:8.75","simple","1","","","",""
"304b0019xrnd-6ft","304B0019XRND","304 Stainless Steel 0.019 OD Wire - 6 Foot Length","Wire Bar","6 FT","304","0.019","0.019","0.0188","0.0192","0.095236821","24","4:19;17:15.5","simple","1","","","",""
"304b0020xrnd-3ft","304B0020XRND","304 Stainless Steel 0.02 OD Wire - 3 Foot Length","Wire Bar","3 FT","304","0.02","0.02","0.0198","0.0202","0.105525563","14","8:11;34:8.75","simple","1","","","",""
"304b0020xrnd-6ft","304B0020XRND","304 Stainless Steel 0.02 OD Wire - 6 Foot Length","Wire Bar","6 FT","304","0.02","0.02","0.0198","0.0202","0.105525563","24","4:19;17:15.5","simple","1","","","",""
"304b0021xrnd-3ft","304B0021XRND","304 Stainless Steel 0.021 OD Wire - 3 Foot Length","Wire Bar","3 FT","304","0.021","0.021","0.0208","0.0212","0.116341933","14","8:11;34:8.75","simple","1","","","",""
"304b0021xrnd-6ft","304B0021XRND","304 Stainless Steel 0.021 OD Wire - 6 Foot Length","Wire Bar","6 FT","304","0.021","0.021","0.0208","0.0212","0.116341933","24","4:19;17:15.5","simple","1","","","",""
"304b0022xrnd-3ft","304B0022XRND","304 Stainless Steel 0.022 OD Wire - 3 Foot Length","Wire Bar","3 FT","304","0.022","0.022","0.0218","0.0222","0.127685931","14","8:11;34:8.75","simple","1","","","",""
"304b0022xrnd-6ft","304B0022XRND","304 Stainless Steel 0.022 OD Wire - 6 Foot Length","Wire Bar","6 FT","304","0.022","0.022","0.0218","0.0222","0.127685931","24","4:19;17:15.5","simple","1","","","",""
"304b0023xrnd-3ft","304B0023XRND","304 Stainless Steel 0.023 OD Wire - 3 Foot Length","Wire Bar","3 FT","304","0.023","0.023","0.0228","0.0232","0.139557557","14","8:11;34:8.75","simple","1","","","",""
"304b0023xrnd-6ft","304B0023XRND","304 Stainless Steel 0.023 OD Wire - 6 Foot Length","Wire Bar","6 FT","304","0.023","0.023","0.0228","0.0232","0.139557557","24","4:19;17:15.5","simple","1","","","",""
"304b0024xrnd-3ft","304B0024XRND","304 Stainless Steel 0.024 OD Wire - 3 Foot Length","Wire Bar","3 FT","304","0.024","0.024","0.0238","0.0242","0.151956811","14","8:11;34:8.75","simple","1","","","",""
"304b0024xrnd-6ft","304B0024XRND","304 Stainless Steel 0.024 OD Wire - 6 Foot Length","Wire Bar","6 FT","304","0.024","0.024","0.0238","0.0242","0.151956811","24","4:19;17:15.5","simple","1","","","",""
"304b0025xrnd-3ft","304B0025XRND","304 Stainless Steel 0.025 OD Wire - 3 Foot Length","Wire Bar","3 FT","304","0.025","0.025","0.0248","0.0252","0.164883692","14","8:11;34:8.75","simple","1","","","",""
"304b0025xrnd-6ft","304B0025XRND","304 Stainless Steel 0.025 OD Wire - 6 Foot Length","Wire Bar","6 FT","304","0.025","0.025","0.0248","0.0252","0.164883692","24","4:19;17:15.5","simple","1","","","",""
"304b0026xrnd-3ft","304B0026XRND","304 Stainless Steel 0.026 OD Wire - 3 Foot Length","Wire Bar","3 FT","304","0.026","0.026","0.0258","0.0262","0.178338202","14","8:11;34:8.75","simple","1","","","",""
"304b0026xrnd-6ft","304B0026XRND","304 Stainless Steel 0.026 OD Wire - 6 Foot Length","Wire Bar","6 FT","304","0.026","0.026","0.0258","0.0262","0.178338202","24","4:19;17:15.5","simple","1","","","",""
"304b0027xrnd-3ft","304B0027XRND","304 Stainless Steel 0.027 OD Wire - 3 Foot Length","Wire Bar","3 FT","304","0.027","0.027","0.0268","0.0272","0.192320339","14","8:11;34:8.75","simple","1","","","",""
"304b0027xrnd-6ft","304B0027XRND","304 Stainless Steel 0.027 OD Wire - 6 Foot Length","Wire Bar","6 FT","304","0.027","0.027","0.0268","0.0272","0.192320339","24","4:19;17:15.5","simple","1","","","",""
"304b0028xrnd-3ft","304B0028XRND","304 Stainless Steel 0.028 OD Wire - 3 Foot Length","Wire Bar","3 FT","304","0.028","0.028","0.0278","0.0282","0.206830104","14","8:11;34:8.75","simple","1","","","",""
"304b0028xrnd-6ft","304B0028XRND","304 Stainless Steel 0.028 OD Wire - 6 Foot Length","Wire Bar","6 FT","304","0.028","0.028","0.0278","0.0282","0.206830104","24","4:19;17:15.5","simple","1","","","",""
"304b0029xrnd-3ft","304B0029XRND","304 Stainless Steel 0.029 OD Wire - 3 Foot Length","Wire Bar","3 FT","304","0.029","0.029","0.0288","0.0292","0.221867497","14","8:11;34:8.75","simple","1","","","",""
"304b0029xrnd-6ft","304B0029XRND","304 Stainless Steel 0.029 OD Wire - 6 Foot Length","Wire Bar","6 FT","304","0.029","0.029","0.0288","0.0292","0.221867497","24","4:19;17:15.5","simple","1","","","",""
"304b0030xrnd-3ft","304B0030XRND","304 Stainless Steel 0.03 OD Wire - 3 Foot Length","Wire Bar","3 FT","304","0.03","0.03","0.0298","0.0302","0.237432517","14","8:11;34:8.75","simple","1","","","",""
"304b0030xrnd-6ft","304B0030XRND","304 Stainless Steel 0.03 OD Wire - 6 Foot Length","Wire Bar","6 FT","304","0.03","0.03","0.0298","0.0302","0.237432517","24","4:19;17:15.5","simple","1","","","",""
"304b0031xrnd-3ft","304B0031XRND","304 Stainless Steel 0.031 OD Wire - 3 Foot Length","Wire Bar","3 FT","304","0.031","0.031","0.0308","0.0312","0.253525165","14","8:11;34:8.75","simple","1","","","",""
"304b0031xrnd-6ft","304B0031XRND","304 Stainless Steel 0.031 OD Wire - 6 Foot Length","Wire Bar","6 FT","304","0.031","0.031","0.0308","0.0312","0.253525165","24","4:19;17:15.5","simple","1","","","",""
"304b0032xrnd-3ft","304B0032XRND","304 Stainless Steel 0.032 OD Wire - 3 Foot Length","Wire Bar","3 FT","304","0.032","0.032","0.0318","0.0322","0.270145442","14","8:11;34:8.75","simple","1","","","",""
"304b0032xrnd-6ft","304B0032XRND","304 Stainless Steel 0.032 OD Wire - 6 Foot Length","Wire Bar","6 FT","304","0.032","0.032","0.0318","0.0322","0.270145442","24","4:19;17:15.5","simple","1","","","",""
"304b0033xrnd-3ft","304B0033XRND","304 Stainless Steel 0.033 OD Wire - 3 Foot Length","Wire Bar","3 FT","304","0.033","0.033","0.0328","0.0332","0.287293346","14","8:11;34:8.75","simple","1","","","",""
"304b0033xrnd-6ft","304B0033XRND","304 Stainless Steel 0.033 OD Wire - 6 Foot Length","Wire Bar","6 FT","304","0.033","0.033","0.0328","0.0332","0.287293346","24","4:19;17:15.5","simple","1","","","",""
"304b0034xrnd-3ft","304B0034XRND","304 Stainless Steel 0.034 OD Wire - 3 Foot Length","Wire Bar","3 FT","304","0.034","0.034","0.0338","0.0342","0.304968878","14","8:11;34:8.75","simple","1","","","",""
"304b0034xrnd-6ft","304B0034XRND","304 Stainless Steel 0.034 OD Wire - 6 Foot Length","Wire Bar","6 FT","304","0.034","0.034","0.0338","0.0342","0.304968878","24","4:19;17:15.5","simple","1","","","",""
"304b0035xrnd-3ft","304B0035XRND","304 Stainless Steel 0.035 OD Wire - 3 Foot Length","Wire Bar","3 FT","304","0.035","0.035","0.0348","0.0352","0.323172037","14","8:11;34:8.75","simple","1","","","",""
"304b0035xrnd-6ft","304B0035XRND","304 Stainless Steel 0.035 OD Wire - 6 Foot Length","Wire Bar","6 FT","304","0.035","0.035","0.0348","0.0352","0.323172037","24","4:19;17:15.5","simple","1","","","",""
"304b0036xrnd-3ft","304B0036XRND","304 Stainless Steel 0.036 OD Wire - 3 Foot Length","Wire Bar","3 FT","304","0.036","0.036","0.0358","0.0362","0.341902825","14","8:11;34:8.75","simple","1","","","",""
"304b0036xrnd-6ft","304B0036XRND","304 Stainless Steel 0.036 OD Wire - 6 Foot Length","Wire Bar","6 FT","304","0.036","0.036","0.0358","0.0362","0.341902825","24","4:19;17:15.5","simple","1","","","",""
"304b0037xrnd-3ft","304B0037XRND","304 Stainless Steel 0.037 OD Wire - 3 Foot Length","Wire Bar","3 FT","304","0.037","0.037","0.0368","0.0372","0.36116124","14","8:11;34:8.75","simple","1","","","",""
"304b0037xrnd-6ft","304B0037XRND","304 Stainless Steel 0.037 OD Wire - 6 Foot Length","Wire Bar","6 FT","304","0.037","0.037","0.0368","0.0372","0.36116124","24","4:19;17:15.5","simple","1","","","",""
"304b0038xrnd-3ft","304B0038XRND","304 Stainless Steel 0.038 OD Wire - 3 Foot Length","Wire Bar","3 FT","304","0.038","0.038","0.0378","0.0382","0.380947283","14","8:11;34:8.75","simple","1","","","",""
"304b0038xrnd-6ft","304B0038XRND","304 Stainless Steel 0.038 OD Wire - 6 Foot Length","Wire Bar","6 FT","304","0.038","0.038","0.0378","0.0382","0.380947283","24","4:19;17:15.5","simple","1","","","",""
"304b0039xrnd-3ft","304B0039XRND","304 Stainless Steel 0.039 OD Wire - 3 Foot Length","Wire Bar","3 FT","304","0.039","0.039","0.0388","0.0392","0.401260954","14","8:11;34:8.75","simple","1","","","",""
"304b0039xrnd-6ft","304B0039XRND","304 Stainless Steel 0.039 OD Wire - 6 Foot Length","Wire Bar","6 FT","304","0.039","0.039","0.0388","0.0392","0.401260954","24","4:19;17:15.5","simple","1","","","",""
"304b0040xrnd-3ft","304B0040XRND","304 Stainless Steel 0.04 OD Wire - 3 Foot Length","Wire Bar","3 FT","304","0.04","0.04","0.0398","0.0402","0.422102253","14","8:11;34:8.75","simple","1","","","",""
"304b0040xrnd-6ft","304B0040XRND","304 Stainless Steel 0.04 OD Wire - 6 Foot Length","Wire Bar","6 FT","304","0.04","0.04","0.0398","0.0402","0.422102253","24","4:19;17:15.5","simple","1","","","",""
"304b0041xrnd-3ft","304B0041XRND","304 Stainless Steel 0.041 OD Wire - 3 Foot Length","Wire Bar","3 FT","304","0.041","0.041","0.0408","0.0412","0.443471179","14","8:11;34:8.75","simple","1","","","",""
"304b0041xrnd-6ft","304B0041XRND","304 Stainless Steel 0.041 OD Wire - 6 Foot Length","Wire Bar","6 FT","304","0.041","0.041","0.0408","0.0412","0.443471179","24","4:19;17:15.5","simple","1","","","",""
"304b0042xrnd-3ft","304B0042XRND","304 Stainless Steel 0.042 OD Wire - 3 Foot Length","Wire Bar","3 FT","304","0.042","0.042","0.0418","0.0422","0.465367734","14","8:11;34:8.75","simple","1","","","",""
"304b0042xrnd-6ft","304B0042XRND","304 Stainless Steel 0.042 OD Wire - 6 Foot Length","Wire Bar","6 FT","304","0.042","0.042","0.0418","0.0422","0.465367734","24","4:19;17:15.5","simple","1","","","",""
"304b0043xrnd-3ft","304B0043XRND","304 Stainless Steel 0.043 OD Wire - 3 Foot Length","Wire Bar","3 FT","304","0.043","0.043","0.0428","0.0432","0.487791916","14","8:11;34:8.75","simple","1","","","",""
"304b0043xrnd-6ft","304B0043XRND","304 Stainless Steel 0.043 OD Wire - 6 Foot Length","Wire Bar","6 FT","304","0.043","0.043","0.0428","0.0432","0.487791916","24","4:19;17:15.5","simple","1","","","",""
"304b0044xrnd-3ft","304B0044XRND","304 Stainless Steel 0.044 OD Wire - 3 Foot Length","Wire Bar","3 FT","304","0.044","0.044","0.0438","0.0442","0.510743726","14","8:11;34:8.75","simple","1","","","",""
"304b0044xrnd-6ft","304B0044XRND","304 Stainless Steel 0.044 OD Wire - 6 Foot Length","Wire Bar","6 FT","304","0.044","0.044","0.0438","0.0442","0.510743726","24","4:19;17:15.5","simple","1","","","",""
"304b0045xrnd-3ft","304B0045XRND","304 Stainless Steel 0.045 OD Wire - 3 Foot Length","Wire Bar","3 FT","304","0.045","0.045","0.0448","0.0452","0.534223164","14","8:11;34:8.75","simple","1","","","",""
"304b0045xrnd-6ft","304B0045XRND","304 Stainless Steel 0.045 OD Wire - 6 Foot Length","Wire Bar","6 FT","304","0.045","0.045","0.0448","0.0452","0.534223164","24","4:19;17:15.5","simple","1","","","",""
"304b0046xrnd-3ft","304B0046XRND","304 Stainless Steel 0.046 OD Wire - 3 Foot Length","Wire Bar","3 FT","304","0.046","0.046","0.0458","0.0462","0.558230229","14","8:11;34:8.75","simple","1","","","",""
"304b0046xrnd-6ft","304B0046XRND","304 Stainless Steel 0.046 OD Wire - 6 Foot Length","Wire Bar","6 FT","304","0.046","0.046","0.0458","0.0462","0.558230229","24","4:19;17:15.5","simple","1","","","",""
"304b0048xrnd-3ft","304B0048XRND","304 Stainless Steel 0.048 OD Wire - 3 Foot Length","Wire Bar","3 FT","304","0.048","0.048","0.0478","0.0482","0.607827244","14","8:11;34:8.75","simple","1","","","",""
"304b0048xrnd-6ft","304B0048XRND","304 Stainless Steel 0.048 OD Wire - 6 Foot Length","Wire Bar","6 FT","304","0.048","0.048","0.0478","0.0482","0.607827244","24","4:19;17:15.5","simple","1","","","",""
"304b0049xrnd-3ft","304B0049XRND","304 Stainless Steel 0.049 OD Wire - 3 Foot Length","Wire Bar","3 FT","304","0.049","0.049","0.0488","0.0492","0.633417193","14","8:11;34:8.75","simple","1","","","",""
"304b0049xrnd-6ft","304B0049XRND","304 Stainless Steel 0.049 OD Wire - 6 Foot Length","Wire Bar","6 FT","304","0.049","0.049","0.0488","0.0492","0.633417193","24","4:19;17:15.5","simple","1","","","",""
"304b0050xrnd-3ft","304B0050XRND","304 Stainless Steel 0.05 OD Wire - 3 Foot Length","Wire Bar","3 FT","304","0.05","0.05","0.0498","0.0502","0.65953477","15","8:12;34:9.75","simple","1","","","",""
"304b0050xrnd-6ft","304B0050XRND","304 Stainless Steel 0.05 OD Wire - 6 Foot Length","Wire Bar","6 FT","304","0.05","0.05","0.0498","0.0502","0.65953477","26","4:21;17:17.5","simple","1","","","",""
"304b0051xrnd-3ft","304B0051XRND","304 Stainless Steel 0.051 OD Wire - 3 Foot Length","Wire Bar","3 FT","304","0.051","0.051","0.0508","0.0512","0.686179974","15","8:12;34:9.75","simple","1","","","",""
"304b0051xrnd-6ft","304B0051XRND","304 Stainless Steel 0.051 OD Wire - 6 Foot Length","Wire Bar","6 FT","304","0.051","0.051","0.0508","0.0512","0.686179974","26","4:21;17:17.5","simple","1","","","",""
"304b0052xrnd-3ft","304B0052XRND","304 Stainless Steel 0.052 OD Wire - 3 Foot Length","Wire Bar","3 FT","304","0.052","0.052","0.0518","0.0522","0.713352807","15","8:12;34:9.75","simple","1","","","",""
"304b0052xrnd-6ft","304B0052XRND","304 Stainless Steel 0.052 OD Wire - 6 Foot Length","Wire Bar","6 FT","304","0.052","0.052","0.0518","0.0522","0.713352807","26","4:21;17:17.5","simple","1","","","",""
"304b0053xrnd-3ft","304B0053XRND","304 Stainless Steel 0.053 OD Wire - 3 Foot Length","Wire Bar","3 FT","304","0.053","0.053","0.0528","0.0532","0.741053267","15","8:12;34:9.75","simple","1","","","",""
"304b0053xrnd-6ft","304B0053XRND","304 Stainless Steel 0.053 OD Wire - 6 Foot Length","Wire Bar","6 FT","304","0.053","0.053","0.0528","0.0532","0.741053267","26","4:21;17:17.5","simple","1","","","",""
"304b0054xrnd-3ft","304B0054XRND","304 Stainless Steel 0.054 OD Wire - 3 Foot Length","Wire Bar","3 FT","304","0.054","0.054","0.0538","0.0542","0.769281355","15","8:12;34:9.75","simple","1","","","",""
"304b0054xrnd-6ft","304B0054XRND","304 Stainless Steel 0.054 OD Wire - 6 Foot Length","Wire Bar","6 FT","304","0.054","0.054","0.0538","0.0542","0.769281355","26","4:21;17:17.5","simple","1","","","",""
"304b0055xrnd-3ft","304B0055XRND","304 Stainless Steel 0.055 OD Wire - 3 Foot Length","Wire Bar","3 FT","304","0.055","0.055","0.0548","0.0552","0.798037071","15","8:12;34:9.75","simple","1","","","",""
"304b0055xrnd-6ft","304B0055XRND","304 Stainless Steel 0.055 OD Wire - 6 Foot Length","Wire Bar","6 FT","304","0.055","0.055","0.0548","0.0552","0.798037071","26","4:21;17:17.5","simple","1","","","",""
"304b0056xrnd-3ft","304B0056XRND","304 Stainless Steel 0.056 OD Wire - 3 Foot Length","Wire Bar","3 FT","304","0.056","0.056","0.0558","0.0562","0.827320415","15","8:12;34:9.75","simple","1","","","",""
"304b0056xrnd-6ft","304B0056XRND","304 Stainless Steel 0.056 OD Wire - 6 Foot Length","Wire Bar","6 FT","304","0.056","0.056","0.0558","0.0562","0.827320415","26","4:21;17:17.5","simple","1","","","",""
"304b0057xrnd-3ft","304B0057XRND","304 Stainless Steel 0.057 OD Wire - 3 Foot Length","Wire Bar","3 FT","304","0.057","0.057","0.0568","0.0572","0.857131387","15","8:12;34:9.75","simple","1","","","",""
"304b0057xrnd-6ft","304B0057XRND","304 Stainless Steel 0.057 OD Wire - 6 Foot Length","Wire Bar","6 FT","304","0.057","0.057","0.0568","0.0572","0.857131387","26","4:21;17:17.5","simple","1","","","",""
"304b0058xrnd-3ft","304B0058XRND","304 Stainless Steel 0.058 OD Wire - 3 Foot Length","Wire Bar","3 FT","304","0.058","0.058","0.0578","0.0582","0.887469986","15","8:12;34:9.75","simple","1","","","",""
"304b0058xrnd-6ft","304B0058XRND","304 Stainless Steel 0.058 OD Wire - 6 Foot Length","Wire Bar","6 FT","304","0.058","0.058","0.0578","0.0582","0.887469986","26","4:21;17:17.5","simple","1","","","",""
"304b0059xrnd-3ft","304B0059XRND","304 Stainless Steel 0.059 OD Wire - 3 Foot Length","Wire Bar","3 FT","304","0.059","0.059","0.0588","0.0592","0.918336213","15","8:12;34:9.75","simple","1","","","",""
"304b0059xrnd-6ft","304B0059XRND","304 Stainless Steel 0.059 OD Wire - 6 Foot Length","Wire Bar","6 FT","304","0.059","0.059","0.0588","0.0592","0.918336213","26","4:21;17:17.5","simple","1","","","",""
"304b0060xrnd-3ft","304B0060XRND","304 Stainless Steel 0.06 OD Wire - 3 Foot Length","Wire Bar","3 FT","304","0.06","0.06","0.0598","0.0602","0.949730068","15","8:12;34:9.75","simple","1","","","",""
"304b0060xrnd-6ft","304B0060XRND","304 Stainless Steel 0.06 OD Wire - 6 Foot Length","Wire Bar","6 FT","304","0.06","0.06","0.0598","0.0602","0.949730068","26","4:21;17:17.5","simple","1","","","",""
"304b0061xrnd-3ft","304B0061XRND","304 Stainless Steel 0.061 OD Wire - 3 Foot Length","Wire Bar","3 FT","304","0.061","0.061","0.0608","0.0612","0.981651551","15","8:12;34:9.75","simple","1","","","",""
"304b0061xrnd-6ft","304B0061XRND","304 Stainless Steel 0.061 OD Wire - 6 Foot Length","Wire Bar","6 FT","304","0.061","0.061","0.0608","0.0612","0.981651551","26","4:21;17:17.5","simple","1","","","",""
"304b0062xrnd-3ft","304B0062XRND","304 Stainless Steel 0.062 OD Wire - 3 Foot Length","Wire Bar","3 FT","304","0.062","0.062","0.0618","0.0622","1.014100662","15","8:12;34:9.75","simple","1","","","",""
"304b0062xrnd-6ft","304B0062XRND","304 Stainless Steel 0.062 OD Wire - 6 Foot Length","Wire Bar","6 FT","304","0.062","0.062","0.0618","0.0622","1.014100662","26","4:21;17:17.5","simple","1","","","",""
"304b0063xrnd-3ft","304B0063XRND","304 Stainless Steel 0.063 OD Wire - 3 Foot Length","Wire Bar","3 FT","304","0.063","0.063","0.0628","0.0632","1.0470774","15","8:12;34:9.75","simple","1","","","",""
"304b0063xrnd-6ft","304B0063XRND","304 Stainless Steel 0.063 OD Wire - 6 Foot Length","Wire Bar","6 FT","304","0.063","0.063","0.0628","0.0632","1.0470774","26","4:21;17:17.5","simple","1","","","",""
"304b0064xrnd-3ft","304B0064XRND","304 Stainless Steel 0.064 OD Wire - 3 Foot Length","Wire Bar","3 FT","304","0.064","0.064","0.0638","0.0642","1.080581767","15","8:12;34:9.75","simple","1","","","",""
"304b0064xrnd-6ft","304B0064XRND","304 Stainless Steel 0.064 OD Wire - 6 Foot Length","Wire Bar","6 FT","304","0.064","0.064","0.0638","0.0642","1.080581767","26","4:21;17:17.5","simple","1","","","",""
"304b0065xrnd-3ft","304B0065XRND","304 Stainless Steel 0.065 OD Wire - 3 Foot Length","Wire Bar","3 FT","304","0.065","0.065","0.0648","0.0652","1.114613761","15","8:12;34:9.75","simple","1","","","",""
"304b0065xrnd-6ft","304B0065XRND","304 Stainless Steel 0.065 OD Wire - 6 Foot Length","Wire Bar","6 FT","304","0.065","0.065","0.0648","0.0652","1.114613761","26","4:21;17:17.5","simple","1","","","",""
"304b0067xrnd-3ft","304B0067XRND","304 Stainless Steel 0.067 OD Wire - 3 Foot Length","Wire Bar","3 FT","304","0.067","0.067","0.0668","0.0672","1.184260633","15","8:12;34:9.75","simple","1","","","",""
"304b0067xrnd-6ft","304B0067XRND","304 Stainless Steel 0.067 OD Wire - 6 Foot Length","Wire Bar","6 FT","304","0.067","0.067","0.0668","0.0672","1.184260633","26","4:21;17:17.5","simple","1","","","",""
"304b0068xrnd-3ft","304B0068XRND","304 Stainless Steel 0.068 OD Wire - 3 Foot Length","Wire Bar","3 FT","304","0.068","0.068","0.0678","0.0682","1.21987551","15","8:12;34:9.75","simple","1","","","",""
"304b0068xrnd-6ft","304B0068XRND","304 Stainless Steel 0.068 OD Wire - 6 Foot Length","Wire Bar","6 FT","304","0.068","0.068","0.0678","0.0682","1.21987551","26","4:21;17:17.5","simple","1","","","",""
"304b0069xrnd-3ft","304B0069XRND","304 Stainless Steel 0.069 OD Wire - 3 Foot Length","Wire Bar","3 FT","304","0.069","0.069","0.0688","0.0692","1.256018016","15","8:12;34:9.75","simple","1","","","",""
"304b0069xrnd-6ft","304B0069XRND","304 Stainless Steel 0.069 OD Wire - 6 Foot Length","Wire Bar","6 FT","304","0.069","0.069","0.0688","0.0692","1.256018016","26","4:21;17:17.5","simple","1","","","",""
"304b0070xrnd-3ft","304B0070XRND","304 Stainless Steel 0.07 OD Wire - 3 Foot Length","Wire Bar","3 FT","304","0.07","0.07","0.0698","0.0702","1.292688149","15","8:12;34:9.75","simple","1","","","",""
"304b0070xrnd-6ft","304B0070XRND","304 Stainless Steel 0.07 OD Wire - 6 Foot Length","Wire Bar","6 FT","304","0.07","0.07","0.0698","0.0702","1.292688149","26","4:21;17:17.5","simple","1","","","",""
"304b0071xrnd-3ft","304B0071XRND","304 Stainless Steel 0.071 OD Wire - 3 Foot Length","Wire Bar","3 FT","304","0.071","0.071","0.0708","0.0712","1.32988591","15","8:12;34:9.75","simple","1","","","",""
"304b0071xrnd-6ft","304B0071XRND","304 Stainless Steel 0.071 OD Wire - 6 Foot Length","Wire Bar","6 FT","304","0.071","0.071","0.0708","0.0712","1.32988591","26","4:21;17:17.5","simple","1","","","",""
"304b0072xrnd-3ft","304B0072XRND","304 Stainless Steel 0.072 OD Wire - 3 Foot Length","Wire Bar","3 FT","304","0.072","0.072","0.0718","0.0722","1.367611299","15","8:12;34:9.75","simple","1","","","",""
"304b0072xrnd-6ft","304B0072XRND","304 Stainless Steel 0.072 OD Wire - 6 Foot Length","Wire Bar","6 FT","304","0.072","0.072","0.0718","0.0722","1.367611299","26","4:21;17:17.5","simple","1","","","",""
"304b0073xrnd-3ft","304B0073XRND","304 Stainless Steel 0.073 OD Wire - 3 Foot Length","Wire Bar","3 FT","304","0.073","0.073","0.0728","0.0732","1.405864315","15","8:12;34:9.75","simple","1","","","",""
"304b0073xrnd-6ft","304B0073XRND","304 Stainless Steel 0.073 OD Wire - 6 Foot Length","Wire Bar","6 FT","304","0.073","0.073","0.0728","0.0732","1.405864315","26","4:21;17:17.5","simple","1","","","",""
"304b0074xrnd-3ft","304B0074XRND","304 Stainless Steel 0.074 OD Wire - 3 Foot Length","Wire Bar","3 FT","304","0.074","0.074","0.0738","0.0742","1.44464496","15","8:12;34:9.75","simple","1","","","",""
"304b0074xrnd-6ft","304B0074XRND","304 Stainless Steel 0.074 OD Wire - 6 Foot Length","Wire Bar","6 FT","304","0.074","0.074","0.0738","0.0742","1.44464496","26","4:21;17:17.5","simple","1","","","",""
"304b0075xrnd-3ft","304B0075XRND","304 Stainless Steel 0.075 OD Wire - 3 Foot Length","Wire Bar","3 FT","304","0.075","0.075","0.0748","0.0752","1.483953232","17","8:14;34:11.5","simple","1","","","",""
"304b0075xrnd-6ft","304B0075XRND","304 Stainless Steel 0.075 OD Wire - 6 Foot Length","Wire Bar","6 FT","304","0.075","0.075","0.0748","0.0752","1.483953232","30","4:25;17:21","simple","1","","","",""
"304b0076xrnd-3ft","304B0076XRND","304 Stainless Steel 0.076 OD Wire - 3 Foot Length","Wire Bar","3 FT","304","0.076","0.076","0.0758","0.0762","1.523789132","17","8:14;34:11.5","simple","1","","","",""
"304b0076xrnd-6ft","304B0076XRND","304 Stainless Steel 0.076 OD Wire - 6 Foot Length","Wire Bar","6 FT","304","0.076","0.076","0.0758","0.0762","1.523789132","30","4:25;17:21","simple","1","","","",""
"304b0077xrnd-3ft","304B0077XRND","304 Stainless Steel 0.077 OD Wire - 3 Foot Length","Wire Bar","3 FT","304","0.077","0.077","0.0768","0.0772","1.56415266","17","8:14;34:11.5","simple","1","","","",""
"304b0077xrnd-6ft","304B0077XRND","304 Stainless Steel 0.077 OD Wire - 6 Foot Length","Wire Bar","6 FT","304","0.077","0.077","0.0768","0.0772","1.56415266","30","4:25;17:21","simple","1","","","",""
"304b0078xrnd-3ft","304B0078XRND","304 Stainless Steel 0.078 OD Wire - 3 Foot Length","Wire Bar","3 FT","304","0.078","0.078","0.0778","0.0782","1.605043816","17","8:14;34:11.5","simple","1","","","",""
"304b0078xrnd-6ft","304B0078XRND","304 Stainless Steel 0.078 OD Wire - 6 Foot Length","Wire Bar","6 FT","304","0.078","0.078","0.0778","0.0782","1.605043816","30","4:25;17:21","simple","1","","","",""
"304b0079xrnd-3ft","304B0079XRND","304 Stainless Steel 0.079 OD Wire - 3 Foot Length","Wire Bar","3 FT","304","0.079","0.079","0.0788","0.0792","1.646462599","17","8:14;34:11.5","simple","1","","","",""
"304b0079xrnd-6ft","304B0079XRND","304 Stainless Steel 0.079 OD Wire - 6 Foot Length","Wire Bar","6 FT","304","0.079","0.079","0.0788","0.0792","1.646462599","30","4:25;17:21","simple","1","","","",""
"304b0080xrnd-3ft","304B0080XRND","304 Stainless Steel 0.08 OD Wire - 3 Foot Length","Wire Bar","3 FT","304","0.08","0.08","0.0798","0.0802","1.688409011","17","8:14;34:11.5","simple","1","","","",""
"304b0080xrnd-6ft","304B0080XRND","304 Stainless Steel 0.08 OD Wire - 6 Foot Length","Wire Bar","6 FT","304","0.08","0.08","0.0798","0.0802","1.688409011","30","4:25;17:21","simple","1","","","",""
"304b0081xrnd-3ft","304B0081XRND","304 Stainless Steel 0.081 OD Wire - 3 Foot Length","Wire Bar","3 FT","304","0.081","0.081","0.0808","0.0812","1.73088305","17","8:14;34:11.5","simple","1","","","",""
"304b0081xrnd-6ft","304B0081XRND","304 Stainless Steel 0.081 OD Wire - 6 Foot Length","Wire Bar","6 FT","304","0.081","0.081","0.0808","0.0812","1.73088305","30","4:25;17:21","simple","1","","","",""
"304b0082xrnd-3ft","304B0082XRND","304 Stainless Steel 0.082 OD Wire - 3 Foot Length","Wire Bar","3 FT","304","0.082","0.082","0.0818","0.0822","1.773884717","17","8:14;34:11.5","simple","1","","","",""
"304b0082xrnd-6ft","304B0082XRND","304 Stainless Steel 0.082 OD Wire - 6 Foot Length","Wire Bar","6 FT","304","0.082","0.082","0.0818","0.0822","1.773884717","30","4:25;17:21","simple","1","","","",""
"304b0083xrnd-3ft","304B0083XRND","304 Stainless Steel 0.083 OD Wire - 3 Foot Length","Wire Bar","3 FT","304","0.083","0.083","0.0828","0.0832","1.817414012","17","8:14;34:11.5","simple","1","","","",""
"304b0083xrnd-6ft","304B0083XRND","304 Stainless Steel 0.083 OD Wire - 6 Foot Length","Wire Bar","6 FT","304","0.083","0.083","0.0828","0.0832","1.817414012","30","4:25;17:21","simple","1","","","",""
"304b0084xrnd-3ft","304B0084XRND","304 Stainless Steel 0.084 OD Wire - 3 Foot Length","Wire Bar","3 FT","304","0.084","0.084","0.0838","0.0842","1.861470934","17","8:14;34:11.5","simple","1","","","",""
"304b0084xrnd-6ft","304B0084XRND","304 Stainless Steel 0.084 OD Wire - 6 Foot Length","Wire Bar","6 FT","304","0.084","0.084","0.0838","0.0842","1.861470934","30","4:25;17:21","simple","1","","","",""
"304b0085xrnd-3ft","304B0085XRND","304 Stainless Steel 0.085 OD Wire - 3 Foot Length","Wire Bar","3 FT","304","0.085","0.085","0.0848","0.0852","1.906055485","17","8:14;34:11.5","simple","1","","","",""
"304b0085xrnd-6ft","304B0085XRND","304 Stainless Steel 0.085 OD Wire - 6 Foot Length","Wire Bar","6 FT","304","0.085","0.085","0.0848","0.0852","1.906055485","30","4:25;17:21","simple","1","","","",""
"304b0086xrnd-3ft","304B0086XRND","304 Stainless Steel 0.086 OD Wire - 3 Foot Length","Wire Bar","3 FT","304","0.086","0.086","0.0858","0.0862","1.951167663","17","8:14;34:11.5","simple","1","","","",""
"304b0086xrnd-6ft","304B0086XRND","304 Stainless Steel 0.086 OD Wire - 6 Foot Length","Wire Bar","6 FT","304","0.086","0.086","0.0858","0.0862","1.951167663","30","4:25;17:21","simple","1","","","",""
"304b0087xrnd-3ft","304B0087XRND","304 Stainless Steel 0.087 OD Wire - 3 Foot Length","Wire Bar","3 FT","304","0.087","0.087","0.0868","0.0872","1.996807469","17","8:14;34:11.5","simple","1","","","",""
"304b0087xrnd-6ft","304B0087XRND","304 Stainless Steel 0.087 OD Wire - 6 Foot Length","Wire Bar","6 FT","304","0.087","0.087","0.0868","0.0872","1.996807469","30","4:25;17:21","simple","1","","","",""
"304b0088xrnd-3ft","304B0088XRND","304 Stainless Steel 0.088 OD Wire - 3 Foot Length","Wire Bar","3 FT","304","0.088","0.088","0.0878","0.0882","2.042974903","17","8:14;34:11.5","simple","1","","","",""
"304b0088xrnd-6ft","304B0088XRND","304 Stainless Steel 0.088 OD Wire - 6 Foot Length","Wire Bar","6 FT","304","0.088","0.088","0.0878","0.0882","2.042974903","30","4:25;17:21","simple","1","","","",""
"304b0089xrnd-3ft","304B0089XRND","304 Stainless Steel 0.089 OD Wire - 3 Foot Length","Wire Bar","3 FT","304","0.089","0.089","0.0888","0.0892","2.089669965","17","8:14;34:11.5","simple","1","","","",""
"304b0089xrnd-6ft","304B0089XRND","304 Stainless Steel 0.089 OD Wire - 6 Foot Length","Wire Bar","6 FT","304","0.089","0.089","0.0888","0.0892","2.089669965","30","4:25;17:21","simple","1","","","",""
"304b0090xrnd-3ft","304B0090XRND","304 Stainless Steel 0.09 OD Wire - 3 Foot Length","Wire Bar","3 FT","304","0.09","0.09","0.0898","0.0902","2.136892654","17","8:14;34:11.5","simple","1","","","",""
"304b0090xrnd-6ft","304B0090XRND","304 Stainless Steel 0.09 OD Wire - 6 Foot Length","Wire Bar","6 FT","304","0.09","0.09","0.0898","0.0902","2.136892654","30","4:25;17:21","simple","1","","","",""
"304b0091xrnd-3ft","304B0091XRND","304 Stainless Steel 0.091 OD Wire - 3 Foot Length","Wire Bar","3 FT","304","0.091","0.091","0.0908","0.0912","2.184642971","17","8:14;34:11.5","simple","1","","","",""
"304b0091xrnd-6ft","304B0091XRND","304 Stainless Steel 0.091 OD Wire - 6 Foot Length","Wire Bar","6 FT","304","0.091","0.091","0.0908","0.0912","2.184642971","30","4:25;17:21","simple","1","","","",""
"304b0092xrnd-3ft","304B0092XRND","304 Stainless Steel 0.092 OD Wire - 3 Foot Length","Wire Bar","3 FT","304","0.092","0.092","0.0918","0.0922","2.232920917","17","8:14;34:11.5","simple","1","","","",""
"304b0092xrnd-6ft","304B0092XRND","304 Stainless Steel 0.092 OD Wire - 6 Foot Length","Wire Bar","6 FT","304","0.092","0.092","0.0918","0.0922","2.232920917","30","4:25;17:21","simple","1","","","",""
"304b0093xrnd-3ft","304B0093XRND","304 Stainless Steel 0.093 OD Wire - 3 Foot Length","Wire Bar","3 FT","304","0.093","0.093","0.0928","0.0932","2.281726489","17","8:14;34:11.5","simple","1","","","",""
"304b0093xrnd-6ft","304B0093XRND","304 Stainless Steel 0.093 OD Wire - 6 Foot Length","Wire Bar","6 FT","304","0.093","0.093","0.0928","0.0932","2.281726489","30","4:25;17:21","simple","1","","","",""
"304b0094xrnd-3ft","304B0094XRND","304 Stainless Steel 0.094 OD Wire - 3 Foot Length","Wire Bar","3 FT","304","0.094","0.094","0.0938","0.0942","2.33105969","17","8:14;34:11.5","simple","1","","","",""
"304b0094xrnd-6ft","304B0094XRND","304 Stainless Steel 0.094 OD Wire - 6 Foot Length","Wire Bar","6 FT","304","0.094","0.094","0.0938","0.0942","2.33105969","30","4:25;17:21","simple","1","","","",""
"304b0095xrnd-3ft","304B0095XRND","304 Stainless Steel 0.095 OD Wire - 3 Foot Length","Wire Bar","3 FT","304","0.095","0.095","0.0948","0.0952","2.380920519","17","8:14;34:11.5","simple","1","","","",""
"304b0095xrnd-6ft","304B0095XRND","304 Stainless Steel 0.095 OD Wire - 6 Foot Length","Wire Bar","6 FT","304","0.095","0.095","0.0948","0.0952","2.380920519","30","4:25;17:21","simple","1","","","",""
"304b0096xrnd-3ft","304B0096XRND","304 Stainless Steel 0.096 OD Wire - 3 Foot Length","Wire Bar","3 FT","304","0.096","0.096","0.0958","0.0962","2.431308975","17","8:14;34:11.5","simple","1","","","",""
"304b0096xrnd-6ft","304B0096XRND","304 Stainless Steel 0.096 OD Wire - 6 Foot Length","Wire Bar","6 FT","304","0.096","0.096","0.0958","0.0962","2.431308975","30","4:25;17:21","simple","1","","","",""
"304b0097xrnd-3ft","304B0097XRND","304 Stainless Steel 0.097 OD Wire - 3 Foot Length","Wire Bar","3 FT","304","0.097","0.097","0.0968","0.0972","2.48222506","17","8:14;34:11.5","simple","1","","","",""
"304b0097xrnd-6ft","304B0097XRND","304 Stainless Steel 0.097 OD Wire - 6 Foot Length","Wire Bar","6 FT","304","0.097","0.097","0.0968","0.0972","2.48222506","30","4:25;17:21","simple","1","","","",""
"304b0098xrnd-3ft","304B0098XRND","304 Stainless Steel 0.098 OD Wire - 3 Foot Length","Wire Bar","3 FT","304","0.098","0.098","0.0978","0.0982","2.533668772","17","8:14;34:11.5","simple","1","","","",""
"304b0098xrnd-6ft","304B0098XRND","304 Stainless Steel 0.098 OD Wire - 6 Foot Length","Wire Bar","6 FT","304","0.098","0.098","0.0978","0.0982","2.533668772","30","4:25;17:21","simple","1","","","",""
"304b0099xrnd-3ft","304B0099XRND","304 Stainless Steel 0.099 OD Wire - 3 Foot Length","Wire Bar","3 FT","304","0.099","0.099","0.0988","0.0992","2.585640111","17","8:14;34:11.5","simple","1","","","",""
"304b0099xrnd-6ft","304B0099XRND","304 Stainless Steel 0.099 OD Wire - 6 Foot Length","Wire Bar","6 FT","304","0.099","0.099","0.0988","0.0992","2.585640111","30","4:25;17:21","simple","1","","","",""
"304b0100xrnd-3ft","304B0100XRND","304 Stainless Steel 0.1 OD Wire - 3 Foot Length","Wire Bar","3 FT","304","0.1","0.1","0.0998","0.1002","2.638139079","17","8:14;34:11.5","simple","1","","","",""
"304b0100xrnd-6ft","304B0100XRND","304 Stainless Steel 0.1 OD Wire - 6 Foot Length","Wire Bar","6 FT","304","0.1","0.1","0.0998","0.1002","2.638139079","30","4:25;17:21","simple","1","","","",""
"304b0005xrnd","304B0005XRND","","Wire Bar","","","","","","","","","","configurable","1","length","","",""
"304b0006xrnd","304B0006XRND","","Wire Bar","","","","","","","","","","configurable","1","length","","",""
"304b0007xrnd","304B0007XRND","","Wire Bar","","","","","","","","","","configurable","1","length","","",""
"304b0008xrnd","304B0008XRND","","Wire Bar","","","","","","","","","","configurable","1","length","","",""
"304b0009xrnd","304B0009XRND","","Wire Bar","","","","","","","","","","configurable","1","length","","",""
"304b0010xrnd","304B0010XRND","","Wire Bar","","","","","","","","","","configurable","1","length","","",""
"304b0011xrnd","304B0011XRND","","Wire Bar","","","","","","","","","","configurable","1","length","","",""
"304b0012xrnd","304B0012XRND","","Wire Bar","","","","","","","","","","configurable","1","length","","",""
"304b0013xrnd","304B0013XRND","","Wire Bar","","","","","","","","","","configurable","1","length","","",""
"304b0014xrnd","304B0014XRND","","Wire Bar","","","","","","","","","","configurable","1","length","","",""
"304b0015xrnd","304B0015XRND","","Wire Bar","","","","","","","","","","configurable","1","length","","",""
"304b0016xrnd","304B0016XRND","","Wire Bar","","","","","","","","","","configurable","1","length","","",""
"304b0017xrnd","304B0017XRND","","Wire Bar","","","","","","","","","","configurable","1","length","","",""
"304b0018xrnd","304B0018XRND","","Wire Bar","","","","","","","","","","configurable","1","length","","",""
"304b0019xrnd","304B0019XRND","","Wire Bar","","","","","","","","","","configurable","1","length","","",""
"304b0020xrnd","304B0020XRND","","Wire Bar","","","","","","","","","","configurable","1","length","","",""
"304b0021xrnd","304B0021XRND","","Wire Bar","","","","","","","","","","configurable","1","length","","",""
"304b0022xrnd","304B0022XRND","","Wire Bar","","","","","","","","","","configurable","1","length","","",""
"304b0023xrnd","304B0023XRND","","Wire Bar","","","","","","","","","","configurable","1","length","","",""
"304b0024xrnd","304B0024XRND","","Wire Bar","","","","","","","","","","configurable","1","length","","",""
"304b0025xrnd","304B0025XRND","","Wire Bar","","","","","","","","","","configurable","1","length","","",""
"304b0026xrnd","304B0026XRND","","Wire Bar","","","","","","","","","","configurable","1","length","","",""
"304b0027xrnd","304B0027XRND","","Wire Bar","","","","","","","","","","configurable","1","length","","",""
"304b0028xrnd","304B0028XRND","","Wire Bar","","","","","","","","","","configurable","1","length","","",""
"304b0029xrnd","304B0029XRND","","Wire Bar","","","","","","","","","","configurable","1","length","","",""
"304b0030xrnd","304B0030XRND","","Wire Bar","","","","","","","","","","configurable","1","length","","",""
"304b0031xrnd","304B0031XRND","","Wire Bar","","","","","","","","","","configurable","1","length","","",""
"304b0032xrnd","304B0032XRND","","Wire Bar","","","","","","","","","","configurable","1","length","","",""
"304b0033xrnd","304B0033XRND","","Wire Bar","","","","","","","","","","configurable","1","length","","",""
"304b0034xrnd","304B0034XRND","","Wire Bar","","","","","","","","","","configurable","1","length","","",""
"304b0035xrnd","304B0035XRND","","Wire Bar","","","","","","","","","","configurable","1","length","","",""
"304b0036xrnd","304B0036XRND","","Wire Bar","","","","","","","","","","configurable","1","length","","",""
"304b0037xrnd","304B0037XRND","","Wire Bar","","","","","","","","","","configurable","1","length","","",""
"304b0038xrnd","304B0038XRND","","Wire Bar","","","","","","","","","","configurable","1","length","","",""
"304b0039xrnd","304B0039XRND","","Wire Bar","","","","","","","","","","configurable","1","length","","",""
"304b0040xrnd","304B0040XRND","","Wire Bar","","","","","","","","","","configurable","1","length","","",""
"304b0041xrnd","304B0041XRND","","Wire Bar","","","","","","","","","","configurable","1","length","","",""
"304b0042xrnd","304B0042XRND","","Wire Bar","","","","","","","","","","configurable","1","length","","",""
"304b0043xrnd","304B0043XRND","","Wire Bar","","","","","","","","","","configurable","1","length","","",""
"304b0044xrnd","304B0044XRND","","Wire Bar","","","","","","","","","","configurable","1","length","","",""
"304b0045xrnd","304B0045XRND","","Wire Bar","","","","","","","","","","configurable","1","length","","",""
"304b0046xrnd","304B0046XRND","","Wire Bar","","","","","","","","","","configurable","1","length","","",""
"304b0048xrnd","304B0048XRND","","Wire Bar","","","","","","","","","","configurable","1","length","","",""
"304b0049xrnd","304B0049XRND","","Wire Bar","","","","","","","","","","configurable","1","length","","",""
"304b0050xrnd","304B0050XRND","","Wire Bar","","","","","","","","","","configurable","1","length","","",""
"304b0051xrnd","304B0051XRND","","Wire Bar","","","","","","","","","","configurable","1","length","","",""
"304b0052xrnd","304B0052XRND","","Wire Bar","","","","","","","","","","configurable","1","length","","",""
"304b0053xrnd","304B0053XRND","","Wire Bar","","","","","","","","","","configurable","1","length","","",""
"304b0054xrnd","304B0054XRND","","Wire Bar","","","","","","","","","","configurable","1","length","","",""
"304b0055xrnd","304B0055XRND","","Wire Bar","","","","","","","","","","configurable","1","length","","",""
"304b0056xrnd","304B0056XRND","","Wire Bar","","","","","","","","","","configurable","1","length","","",""
"304b0057xrnd","304B0057XRND","","Wire Bar","","","","","","","","","","configurable","1","length","","",""
"304b0058xrnd","304B0058XRND","","Wire Bar","","","","","","","","","","configurable","1","length","","",""
"304b0059xrnd","304B0059XRND","","Wire Bar","","","","","","","","","","configurable","1","length","","",""
"304b0060xrnd","304B0060XRND","","Wire Bar","","","","","","","","","","configurable","1","length","","",""
"304b0061xrnd","304B0061XRND","","Wire Bar","","","","","","","","","","configurable","1","length","","",""
"304b0062xrnd","304B0062XRND","","Wire Bar","","","","","","","","","","configurable","1","length","","",""
"304b0063xrnd","304B0063XRND","","Wire Bar","","","","","","","","","","configurable","1","length","","",""
"304b0064xrnd","304B0064XRND","","Wire Bar","","","","","","","","","","configurable","1","length","","",""
"304b0065xrnd","304B0065XRND","","Wire Bar","","","","","","","","","","configurable","1","length","","",""
"304b0067xrnd","304B0067XRND","","Wire Bar","","","","","","","","","","configurable","1","length","","",""
"304b0068xrnd","304B0068XRND","","Wire Bar","","","","","","","","","","configurable","1","length","","",""
"304b0069xrnd","304B0069XRND","","Wire Bar","","","","","","","","","","configurable","1","length","","",""
"304b0070xrnd","304B0070XRND","","Wire Bar","","","","","","","","","","configurable","1","length","","",""
"304b0071xrnd","304B0071XRND","","Wire Bar","","","","","","","","","","configurable","1","length","","",""
"304b0072xrnd","304B0072XRND","","Wire Bar","","","","","","","","","","configurable","1","length","","",""
"304b0073xrnd","304B0073XRND","","Wire Bar","","","","","","","","","","configurable","1","length","","",""
"304b0074xrnd","304B0074XRND","","Wire Bar","","","","","","","","","","configurable","1","length","","",""
"304b0075xrnd","304B0075XRND","","Wire Bar","","","","","","","","","","configurable","1","length","","",""
"304b0076xrnd","304B0076XRND","","Wire Bar","","","","","","","","","","configurable","1","length","","",""
"304b0077xrnd","304B0077XRND","","Wire Bar","","","","","","","","","","configurable","1","length","","",""
"304b0078xrnd","304B0078XRND","","Wire Bar","","","","","","","","","","configurable","1","length","","",""
"304b0079xrnd","304B0079XRND","","Wire Bar","","","","","","","","","","configurable","1","length","","",""
"304b0080xrnd","304B0080XRND","","Wire Bar","","","","","","","","","","configurable","1","length","","",""
"304b0081xrnd","304B0081XRND","","Wire Bar","","","","","","","","","","configurable","1","length","","",""
"304b0082xrnd","304B0082XRND","","Wire Bar","","","","","","","","","","configurable","1","length","","",""
"304b0083xrnd","304B0083XRND","","Wire Bar","","","","","","","","","","configurable","1","length","","",""
"304b0084xrnd","304B0084XRND","","Wire Bar","","","","","","","","","","configurable","1","length","","",""
"304b0085xrnd","304B0085XRND","","Wire Bar","","","","","","","","","","configurable","1","length","","",""
"304b0086xrnd","304B0086XRND","","Wire Bar","","","","","","","","","","configurable","1","length","","",""
"304b0087xrnd","304B0087XRND","","Wire Bar","","","","","","","","","","configurable","1","length","","",""
"304b0088xrnd","304B0088XRND","","Wire Bar","","","","","","","","","","configurable","1","length","","",""
"304b0089xrnd","304B0089XRND","","Wire Bar","","","","","","","","","","configurable","1","length","","",""
"304b0090xrnd","304B0090XRND","","Wire Bar","","","","","","","","","","configurable","1","length","","",""
"304b0091xrnd","304B0091XRND","","Wire Bar","","","","","","","","","","configurable","1","length","","",""
"304b0092xrnd","304B0092XRND","","Wire Bar","","","","","","","","","","configurable","1","length","","",""
"304b0093xrnd","304B0093XRND","","Wire Bar","","","","","","","","","","configurable","1","length","","",""
"304b0094xrnd","304B0094XRND","","Wire Bar","","","","","","","","","","configurable","1","length","","",""
"304b0095xrnd","304B0095XRND","","Wire Bar","","","","","","","","","","configurable","1","length","","",""
"304b0096xrnd","304B0096XRND","","Wire Bar","","","","","","","","","","configurable","1","length","","",""
"304b0097xrnd","304B0097XRND","","Wire Bar","","","","","","","","","","configurable","1","length","","",""
"304b0098xrnd","304B0098XRND","","Wire Bar","","","","","","","","","","configurable","1","length","","",""
"304b0099xrnd","304B0099XRND","","Wire Bar","","","","","","","","","","configurable","1","length","","",""
"304b0100xrnd","304B0100XRND","","Wire Bar","","","","","","","","","","configurable","1","length","","",""
"wire_bar","","","Wire Bar","","","","","","","","","","bundle","4","","304b0005xrnd:304b0005xrnd:select:0:0;304b0006xrnd:304b0006xrnd:select:0:0;304b0007xrnd:304b0007xrnd:select:0:0;304b0008xrnd:304b0008xrnd:select:0:0;304b0009xrnd:304b0009xrnd:select:0:0;304b0010xrnd:304b0010xrnd:select:0:0;304b0011xrnd:304b0011xrnd:select:0:0;304b0012xrnd:304b0012xrnd:select:0:0;304b0013xrnd:304b0013xrnd:select:0:0;304b0014xrnd:304b0014xrnd:select:0:0;304b0015xrnd:304b0015xrnd:select:0:0;304b0016xrnd:304b0016xrnd:select:0:0;304b0017xrnd:304b0017xrnd:select:0:0;304b0018xrnd:304b0018xrnd:select:0:0;304b0019xrnd:304b0019xrnd:select:0:0;304b0020xrnd:304b0020xrnd:select:0:0;304b0021xrnd:304b0021xrnd:select:0:0;304b0022xrnd:304b0022xrnd:select:0:0;304b0023xrnd:304b0023xrnd:select:0:0;304b0024xrnd:304b0024xrnd:select:0:0;304b0025xrnd:304b0025xrnd:select:0:0;304b0026xrnd:304b0026xrnd:select:0:0;304b0027xrnd:304b0027xrnd:select:0:0;304b0028xrnd:304b0028xrnd:select:0:0;304b0029xrnd:304b0029xrnd:select:0:0;304b0030xrnd:304b0030xrnd:select:0:0;304b0031xrnd:304b0031xrnd:select:0:0;304b0032xrnd:304b0032xrnd:select:0:0;304b0033xrnd:304b0033xrnd:select:0:0;304b0034xrnd:304b0034xrnd:select:0:0;304b0035xrnd:304b0035xrnd:select:0:0;304b0036xrnd:304b0036xrnd:select:0:0;304b0037xrnd:304b0037xrnd:select:0:0;304b0038xrnd:304b0038xrnd:select:0:0;304b0039xrnd:304b0039xrnd:select:0:0;304b0040xrnd:304b0040xrnd:select:0:0;304b0041xrnd:304b0041xrnd:select:0:0;304b0042xrnd:304b0042xrnd:select:0:0;304b0043xrnd:304b0043xrnd:select:0:0;304b0044xrnd:304b0044xrnd:select:0:0;304b0045xrnd:304b0045xrnd:select:0:0;304b0046xrnd:304b0046xrnd:select:0:0;304b0048xrnd:304b0048xrnd:select:0:0;304b0049xrnd:304b0049xrnd:select:0:0;304b0050xrnd:304b0050xrnd:select:0:0;304b0051xrnd:304b0051xrnd:select:0:0;304b0052xrnd:304b0052xrnd:select:0:0;304b0053xrnd:304b0053xrnd:select:0:0;304b0054xrnd:304b0054xrnd:select:0:0;304b0055xrnd:304b0055xrnd:select:0:0;304b0056xrnd:304b0056xrnd:select:0:0;304b0057xrnd:304b0057xrnd:select:0:0;304b0058xrnd:304b0058xrnd:select:0:0;304b0059xrnd:304b0059xrnd:select:0:0;304b0060xrnd:304b0060xrnd:select:0:0;304b0061xrnd:304b0061xrnd:select:0:0;304b0062xrnd:304b0062xrnd:select:0:0;304b0063xrnd:304b0063xrnd:select:0:0;304b0064xrnd:304b0064xrnd:select:0:0;304b0065xrnd:304b0065xrnd:select:0:0;304b0067xrnd:304b0067xrnd:select:0:0;304b0068xrnd:304b0068xrnd:select:0:0;304b0069xrnd:304b0069xrnd:select:0:0;304b0070xrnd:304b0070xrnd:select:0:0;304b0071xrnd:304b0071xrnd:select:0:0;304b0072xrnd:304b0072xrnd:select:0:0;304b0073xrnd:304b0073xrnd:select:0:0;304b0074xrnd:304b0074xrnd:select:0:0;304b0075xrnd:304b0075xrnd:select:0:0;304b0076xrnd:304b0076xrnd:select:0:0;304b0077xrnd:304b0077xrnd:select:0:0;304b0078xrnd:304b0078xrnd:select:0:0;304b0079xrnd:304b0079xrnd:select:0:0;304b0080xrnd:304b0080xrnd:select:0:0;304b0081xrnd:304b0081xrnd:select:0:0;304b0082xrnd:304b0082xrnd:select:0:0;304b0083xrnd:304b0083xrnd:select:0:0;304b0084xrnd:304b0084xrnd:select:0:0;304b0085xrnd:304b0085xrnd:select:0:0;304b0086xrnd:304b0086xrnd:select:0:0;304b0087xrnd:304b0087xrnd:select:0:0;304b0088xrnd:304b0088xrnd:select:0:0;304b0089xrnd:304b0089xrnd:select:0:0;304b0090xrnd:304b0090xrnd:select:0:0;304b0091xrnd:304b0091xrnd:select:0:0;304b0092xrnd:304b0092xrnd:select:0:0;304b0093xrnd:304b0093xrnd:select:0:0;304b0094xrnd:304b0094xrnd:select:0:0;304b0095xrnd:304b0095xrnd:select:0:0;304b0096xrnd:304b0096xrnd:select:0:0;304b0097xrnd:304b0097xrnd:select:0:0;304b0098xrnd:304b0098xrnd:select:0:0;304b0099xrnd:304b0099xrnd:select:0:0;304b0100xrnd:304b0100xrnd:select:0:0","304b0005xrnd:304b0005xrnd-3ft:0;304b0005xrnd:304b0005xrnd-6ft:0;304b0006xrnd:304b0006xrnd-3ft:0;304b0006xrnd:304b0006xrnd-6ft:0;304b0007xrnd:304b0007xrnd-3ft:0;304b0007xrnd:304b0007xrnd-6ft:0;304b0008xrnd:304b0008xrnd-3ft:0;304b0008xrnd:304b0008xrnd-6ft:0;304b0009xrnd:304b0009xrnd-3ft:0;304b0009xrnd:304b0009xrnd-6ft:0;304b0010xrnd:304b0010xrnd-3ft:0;304b0010xrnd:304b0010xrnd-6ft:0;304b0011xrnd:304b0011xrnd-3ft:0;304b0011xrnd:304b0011xrnd-6ft:0;304b0012xrnd:304b0012xrnd-3ft:0;304b0012xrnd:304b0012xrnd-6ft:0;304b0013xrnd:304b0013xrnd-3ft:0;304b0013xrnd:304b0013xrnd-6ft:0;304b0014xrnd:304b0014xrnd-3ft:0;304b0014xrnd:304b0014xrnd-6ft:0;304b0015xrnd:304b0015xrnd-3ft:0;304b0015xrnd:304b0015xrnd-6ft:0;304b0016xrnd:304b0016xrnd-3ft:0;304b0016xrnd:304b0016xrnd-6ft:0;304b0017xrnd:304b0017xrnd-3ft:0;304b0017xrnd:304b0017xrnd-6ft:0;304b0018xrnd:304b0018xrnd-3ft:0;304b0018xrnd:304b0018xrnd-6ft:0;304b0019xrnd:304b0019xrnd-3ft:0;304b0019xrnd:304b0019xrnd-6ft:0;304b0020xrnd:304b0020xrnd-3ft:0;304b0020xrnd:304b0020xrnd-6ft:0;304b0021xrnd:304b0021xrnd-3ft:0;304b0021xrnd:304b0021xrnd-6ft:0;304b0022xrnd:304b0022xrnd-3ft:0;304b0022xrnd:304b0022xrnd-6ft:0;304b0023xrnd:304b0023xrnd-3ft:0;304b0023xrnd:304b0023xrnd-6ft:0;304b0024xrnd:304b0024xrnd-3ft:0;304b0024xrnd:304b0024xrnd-6ft:0;304b0025xrnd:304b0025xrnd-3ft:0;304b0025xrnd:304b0025xrnd-6ft:0;304b0026xrnd:304b0026xrnd-3ft:0;304b0026xrnd:304b0026xrnd-6ft:0;304b0027xrnd:304b0027xrnd-3ft:0;304b0027xrnd:304b0027xrnd-6ft:0;304b0028xrnd:304b0028xrnd-3ft:0;304b0028xrnd:304b0028xrnd-6ft:0;304b0029xrnd:304b0029xrnd-3ft:0;304b0029xrnd:304b0029xrnd-6ft:0;304b0030xrnd:304b0030xrnd-3ft:0;304b0030xrnd:304b0030xrnd-6ft:0;304b0031xrnd:304b0031xrnd-3ft:0;304b0031xrnd:304b0031xrnd-6ft:0;304b0032xrnd:304b0032xrnd-3ft:0;304b0032xrnd:304b0032xrnd-6ft:0;304b0033xrnd:304b0033xrnd-3ft:0;304b0033xrnd:304b0033xrnd-6ft:0;304b0034xrnd:304b0034xrnd-3ft:0;304b0034xrnd:304b0034xrnd-6ft:0;304b0035xrnd:304b0035xrnd-3ft:0;304b0035xrnd:304b0035xrnd-6ft:0;304b0036xrnd:304b0036xrnd-3ft:0;304b0036xrnd:304b0036xrnd-6ft:0;304b0037xrnd:304b0037xrnd-3ft:0;304b0037xrnd:304b0037xrnd-6ft:0;304b0038xrnd:304b0038xrnd-3ft:0;304b0038xrnd:304b0038xrnd-6ft:0;304b0039xrnd:304b0039xrnd-3ft:0;304b0039xrnd:304b0039xrnd-6ft:0;304b0040xrnd:304b0040xrnd-3ft:0;304b0040xrnd:304b0040xrnd-6ft:0;304b0041xrnd:304b0041xrnd-3ft:0;304b0041xrnd:304b0041xrnd-6ft:0;304b0042xrnd:304b0042xrnd-3ft:0;304b0042xrnd:304b0042xrnd-6ft:0;304b0043xrnd:304b0043xrnd-3ft:0;304b0043xrnd:304b0043xrnd-6ft:0;304b0044xrnd:304b0044xrnd-3ft:0;304b0044xrnd:304b0044xrnd-6ft:0;304b0045xrnd:304b0045xrnd-3ft:0;304b0045xrnd:304b0045xrnd-6ft:0;304b0046xrnd:304b0046xrnd-3ft:0;304b0046xrnd:304b0046xrnd-6ft:0;304b0048xrnd:304b0048xrnd-3ft:0;304b0048xrnd:304b0048xrnd-6ft:0;304b0049xrnd:304b0049xrnd-3ft:0;304b0049xrnd:304b0049xrnd-6ft:0;304b0050xrnd:304b0050xrnd-3ft:0;304b0050xrnd:304b0050xrnd-6ft:0;304b0051xrnd:304b0051xrnd-3ft:0;304b0051xrnd:304b0051xrnd-6ft:0;304b0052xrnd:304b0052xrnd-3ft:0;304b0052xrnd:304b0052xrnd-6ft:0;304b0053xrnd:304b0053xrnd-3ft:0;304b0053xrnd:304b0053xrnd-6ft:0;304b0054xrnd:304b0054xrnd-3ft:0;304b0054xrnd:304b0054xrnd-6ft:0;304b0055xrnd:304b0055xrnd-3ft:0;304b0055xrnd:304b0055xrnd-6ft:0;304b0056xrnd:304b0056xrnd-3ft:0;304b0056xrnd:304b0056xrnd-6ft:0;304b0057xrnd:304b0057xrnd-3ft:0;304b0057xrnd:304b0057xrnd-6ft:0;304b0058xrnd:304b0058xrnd-3ft:0;304b0058xrnd:304b0058xrnd-6ft:0;304b0059xrnd:304b0059xrnd-3ft:0;304b0059xrnd:304b0059xrnd-6ft:0;304b0060xrnd:304b0060xrnd-3ft:0;304b0060xrnd:304b0060xrnd-6ft:0;304b0061xrnd:304b0061xrnd-3ft:0;304b0061xrnd:304b0061xrnd-6ft:0;304b0062xrnd:304b0062xrnd-3ft:0;304b0062xrnd:304b0062xrnd-6ft:0;304b0063xrnd:304b0063xrnd-3ft:0;304b0063xrnd:304b0063xrnd-6ft:0;304b0064xrnd:304b0064xrnd-3ft:0;304b0064xrnd:304b0064xrnd-6ft:0;304b0065xrnd:304b0065xrnd-3ft:0;304b0065xrnd:304b0065xrnd-6ft:0;304b0067xrnd:304b0067xrnd-3ft:0;304b0067xrnd:304b0067xrnd-6ft:0;304b0068xrnd:304b0068xrnd-3ft:0;304b0068xrnd:304b0068xrnd-6ft:0;304b0069xrnd:304b0069xrnd-3ft:0;304b0069xrnd:304b0069xrnd-6ft:0;304b0070xrnd:304b0070xrnd-3ft:0;304b0070xrnd:304b0070xrnd-6ft:0;304b0071xrnd:304b0071xrnd-3ft:0;304b0071xrnd:304b0071xrnd-6ft:0;304b0072xrnd:304b0072xrnd-3ft:0;304b0072xrnd:304b0072xrnd-6ft:0;304b0073xrnd:304b0073xrnd-3ft:0;304b0073xrnd:304b0073xrnd-6ft:0;304b0074xrnd:304b0074xrnd-3ft:0;304b0074xrnd:304b0074xrnd-6ft:0;304b0075xrnd:304b0075xrnd-3ft:0;304b0075xrnd:304b0075xrnd-6ft:0;304b0076xrnd:304b0076xrnd-3ft:0;304b0076xrnd:304b0076xrnd-6ft:0;304b0077xrnd:304b0077xrnd-3ft:0;304b0077xrnd:304b0077xrnd-6ft:0;304b0078xrnd:304b0078xrnd-3ft:0;304b0078xrnd:304b0078xrnd-6ft:0;304b0079xrnd:304b0079xrnd-3ft:0;304b0079xrnd:304b0079xrnd-6ft:0;304b0080xrnd:304b0080xrnd-3ft:0;304b0080xrnd:304b0080xrnd-6ft:0;304b0081xrnd:304b0081xrnd-3ft:0;304b0081xrnd:304b0081xrnd-6ft:0;304b0082xrnd:304b0082xrnd-3ft:0;304b0082xrnd:304b0082xrnd-6ft:0;304b0083xrnd:304b0083xrnd-3ft:0;304b0083xrnd:304b0083xrnd-6ft:0;304b0084xrnd:304b0084xrnd-3ft:0;304b0084xrnd:304b0084xrnd-6ft:0;304b0085xrnd:304b0085xrnd-3ft:0;304b0085xrnd:304b0085xrnd-6ft:0;304b0086xrnd:304b0086xrnd-3ft:0;304b0086xrnd:304b0086xrnd-6ft:0;304b0087xrnd:304b0087xrnd-3ft:0;304b0087xrnd:304b0087xrnd-6ft:0;304b0088xrnd:304b0088xrnd-3ft:0;304b0088xrnd:304b0088xrnd-6ft:0;304b0089xrnd:304b0089xrnd-3ft:0;304b0089xrnd:304b0089xrnd-6ft:0;304b0090xrnd:304b0090xrnd-3ft:0;304b0090xrnd:304b0090xrnd-6ft:0;304b0091xrnd:304b0091xrnd-3ft:0;304b0091xrnd:304b0091xrnd-6ft:0;304b0092xrnd:304b0092xrnd-3ft:0;304b0092xrnd:304b0092xrnd-6ft:0;304b0093xrnd:304b0093xrnd-3ft:0;304b0093xrnd:304b0093xrnd-6ft:0;304b0094xrnd:304b0094xrnd-3ft:0;304b0094xrnd:304b0094xrnd-6ft:0;304b0095xrnd:304b0095xrnd-3ft:0;304b0095xrnd:304b0095xrnd-6ft:0;304b0096xrnd:304b0096xrnd-3ft:0;304b0096xrnd:304b0096xrnd-6ft:0;304b0097xrnd:304b0097xrnd-3ft:0;304b0097xrnd:304b0097xrnd-6ft:0;304b0098xrnd:304b0098xrnd-3ft:0;304b0098xrnd:304b0098xrnd-6ft:0;304b0099xrnd:304b0099xrnd-3ft:0;304b0099xrnd:304b0099xrnd-6ft:0;304b0100xrnd:304b0100xrnd-3ft:0;304b0100xrnd:304b0100xrnd-6ft:0","wire_bar"
